timestamp,input_tokens,context_tokens,output_tokens,elapsed_ms,total_ms
2026-01-30T13:25:43,1,113,22,30100,30100
2026-02-02T17:09:07,1,289,24,41953,42133
2026-02-02T17:16:19,19,1149,37,141647,142625
2026-02-02T17:17:39,3,289,40,39823,39849
2026-02-02T17:19:49,3,289,40,8789,8805
2026-02-02T17:33:44,1,387,20,29523,29541
2026-02-02T17:34:03,3,387,32,8375,8741
2026-02-02T17:37:04,8,1246,18,164680,164975
2026-02-02T17:39:11,14,1247,38,11595,12045
2026-02-02T17:42:19,2,387,40,47969,47992
2026-02-02T19:03:09,1,387,14,45569,45601
2026-02-02T19:05:52,10,1246,24,157891,159499
2026-02-02T20:09:17,4,1246,25,158031,158106
2026-02-02T20:57:19,1,345,21,43416,43449
2026-02-02T20:57:42,3,345,30,7213,7242
2026-02-02T21:01:17,14,1204,25,150767,196648
2026-02-02T21:34:10,1,398,40,52788,52823
2026-02-02T21:37:43,10,1257,24,156600,192797
2026-02-02T21:40:39,8,1257,35,88273,197101
2026-02-02T21:43:47,7,1314,18,144318,264459
2026-02-02T21:50:30,1,395,29,50426,50589
2026-02-02T21:50:52,3,414,29,9642,9672
2026-02-02T21:55:20,13,1274,24,164788,221079
2026-02-02T22:19:21,1,395,34,46818,46979
2026-02-02T22:35:46,3,414,25,41784,41820
2026-02-05T09:42:10,3,414,40,68068,68189
2026-02-05T09:45:27,8,0,0,180003,180119
2026-02-05T09:46:14,5,1274,43,12664,12806
2026-02-05T09:47:55,9,1273,35,12066,86596
2026-02-05T09:51:01,9,1275,32,121329,241468
2026-02-05T09:54:19,9,1318,43,165123,285260
2026-02-10T13:41:08,10,0,0,180583,252539
2026-02-11T11:28:41,13,0,0,17486,23746
2026-02-11T11:29:29,10,1276,21,3430,9088
2026-02-11T11:29:46,8,1276,36,4073,10084
